{
  "inv_toggle": true,
  "pot_toggle": false,
  "arm_toggle": false,
  "helm_x": 103,
  "helm_y": 54,
  "chest_x": 103,
  "chest_y": 37,
  "leg_x": -103,
  "leg_y": 54,
  "boots_x": -103,
  "boots_y": 37,
  "main_x": 103,
  "main_y": 71,
  "off_x": -103,
  "off_y": 71,
  "arr_x": 103,
  "arr_y": 20,
  "inv_icon_x": -103,
  "inv_icon_y": 20,
  "helm_hal": "MIDDLE",
  "chest_hal": "MIDDLE",
  "leg_hal": "MIDDLE",
  "boots_hal": "MIDDLE",
  "main_hal": "MIDDLE",
  "off_hal": "MIDDLE",
  "arr_hal": "MIDDLE",
  "inv_icon_hal": "MIDDLE",
  "helm_val": "BOTTOM",
  "chest_val": "BOTTOM",
  "leg_val": "BOTTOM",
  "boots_val": "BOTTOM",
  "main_val": "BOTTOM",
  "off_val": "BOTTOM",
  "arr_val": "BOTTOM",
  "inv_icon_val": "BOTTOM",
  "inv_mini": false,
  "inv_vert": false,
  "inv_hide_b_g": false,
  "inv_animated": false,
  "inv_with_debug": true,
  "keep_notifying": true,
  "inv_x": 0,
  "inv_y": 150,
  "inv_alpha": 0,
  "last_notified_version": "3.4.18",
  "inv_val": "BOTTOM",
  "inv_hal": "MIDDLE",
  "pot_mini": false,
  "pot_hor": false,
  "show_hidden_effects": true,
  "potion_levels": false,
  "pot_with_debug": true,
  "pot_x": 30,
  "pot_y": 0,
  "pot_alpha": 100,
  "pot_gap": 0,
  "bar_duration": 300,
  "effects_blacklist": [],
  "pot_val": "CENTER",
  "pot_hal": "LEFT",
  "move_all": true,
  "show_empty": true,
  "show_armor": true,
  "show_main": true,
  "show_off": true,
  "show_arrows": true,
  "show_inv": true,
  "arm_bars": false,
  "show_count": false,
  "show_arrows_without_weapon": true,
  "arm_with_debug": true,
  "arm_x": 0,
  "arm_y": 70,
  "arm_above": 100,
  "arm_scale": 100,
  "arm_val": "BOTTOM",
  "arm_hal": "MIDDLE",
  "arm_view": "percentage"
}